<project>
	<path id="CLASSES_PATHS">
		<path refid="OTHER_CLASSES_PATHS"/>
		<path refid="INCLUDED_JAR_FILE_NAMES"/>
	</path>
	
	<condition property="IS_LINUX" value="true">
		<os family="unix" />
	</condition>
	
	<condition property="IS_WINDOWS" value="true">
		<os family="windows" />
	</condition>
	
	<condition property="UNO_IDL_FILES_BASE_DIRECTORY_EXISTS" value="true">
		<available file="${UNO_IDL_FILES_BASE_DIRECTORY_NAME}"/>
	</condition>
	
	<condition property="UNO_IDL_FILES_BASE_DIRECTORY_EXISTS_AND_IS_LINUX" value="true">
		<and>
			<equals arg1="${UNO_IDL_FILES_BASE_DIRECTORY_EXISTS}" arg2="true"/>
			<equals arg1="${IS_LINUX}" arg2="true"/>
		</and>
	</condition>
	
	<condition property="UNO_IDL_FILES_BASE_DIRECTORY_EXISTS_AND_IS_WINDOWS" value="true">
		<and>
			<equals arg1="${UNO_IDL_FILES_BASE_DIRECTORY_EXISTS}" arg2="true"/>
			<equals arg1="${IS_WINDOWS}" arg2="true"/>
		</and>
	</condition>
	
	<target name="precompileSub1Sub1" if="UNO_IDL_FILES_BASE_DIRECTORY_EXISTS_AND_IS_LINUX">
		<property name="CALL_IDLC_FILE_NAME" value="${CALL_IDLC_FILE_BASE_NAME}.sh"/>
		<echo file="${CALL_IDLC_FILE_NAME}" append="false">#!/bin/bash
"${LIBREOFFICE_IDLC_FILE_NAME}" -w -C -I"${LIBREOFFICE_IDL_FILES_DIRECTORY_NAME}" -I"${UNO_IDL_FILES_BASE_DIRECTORY_NAME}" -O"$2/.." "$1"
		</echo>
		
		<exec executable="chmod">
			<arg line="a+x ${CALL_IDLC_FILE_NAME}"/>
		</exec>
	</target>
	
	<target name="precompileSub1Sub2" if="UNO_IDL_FILES_BASE_DIRECTORY_EXISTS_AND_IS_WINDOWS">
		<property name="CALL_IDLC_FILE_NAME" value="${CALL_IDLC_FILE_BASE_NAME}.bat"/>
		<echo file="${CALL_IDLC_FILE_NAME}" append="false">"${LIBREOFFICE_IDLC_FILE_NAME}" -w -C -I"${LIBREOFFICE_IDL_FILES_DIRECTORY_NAME}" -I"${UNO_IDL_FILES_BASE_DIRECTORY_NAME}" -O%2/.. %1
		</echo>
	</target>
	
	<target name="precompileSub1" depends=" precompileSub1Sub1, precompileSub1Sub2" if="UNO_IDL_FILES_BASE_DIRECTORY_EXISTS">
		<apply executable="${PROJECT_DIRECTORY_NAME}/${CALL_IDLC_FILE_NAME}" dir="${PROJECT_DIRECTORY_NAME}" spawn="false">
			<fileset dir="${UNO_IDL_FILES_BASE_DIRECTORY_NAME}">
				<include name="**/*.${UNO_IDL_FILE_NAME_SUFFIX}"/>
			</fileset>
			
			<mapper type="regexp" from="^(.*)(\.)(${UNO_IDL_FILE_NAME_SUFFIX})$$" to="${UNO_UNMERGED_REGISTRY_FILES_BASE_DIRECTORY_NAME}/\1\2${UNO_UNMERGED_REGISTRY_FILE_NAME_SUFFIX}"/>
			
			<srcfile/>
			
			<targetfile/>
		</apply>
		
		<fileset id="UNO_UNMERGED_REGISTRY_FILES" dir="${UNO_UNMERGED_REGISTRY_FILES_BASE_DIRECTORY_NAME}">
			<include name="**/*.${UNO_UNMERGED_REGISTRY_FILE_NAME_SUFFIX}"/>
		</fileset>
		
		<uptodate property="UNO_IDL_FILES_ARE_UP_TO_DATE" targetfile="${TARGET_FILES_BASE_DIRECTORY_NAME}/${TARGET_NAME}.${UNO_MERGED_REGISTRY_FILE_NAME_SUFFIX}">
			<srcfiles refid="UNO_UNMERGED_REGISTRY_FILES"/>
		</uptodate>
	</target>
	
	<target name="precompileSub2"  if="UNO_IDL_FILES_BASE_DIRECTORY_EXISTS" unless="UNO_IDL_FILES_ARE_UP_TO_DATE">
		<mkdir dir="${TARGET_FILES_BASE_DIRECTORY_NAME}"/>
		
		<apply executable="${LIBREOFFICE_REGMERGE_FILE_NAME}" dir="${PROJECT_DIRECTORY_NAME}" spawn="false" parallel="true">
			<fileset refid="UNO_UNMERGED_REGISTRY_FILES"/>
			
			<arg value="${TARGET_FILES_BASE_DIRECTORY_NAME}/${TARGET_NAME}.${UNO_MERGED_REGISTRY_FILE_NAME_SUFFIX}"/>
			
			<arg value="/UCR"/>
			
			<srcfile/>
		</apply>
		
		<mkdir dir="${CLASSES_BASE_DIRECTORY_NAME}"/>
		
		<exec executable="${LIBREOFFICE_JAVAMAKER_FILE_NAME}" dir="${PROJECT_DIRECTORY_NAME}" spawn="false">
			<arg value="-nD"/>
			
			<arg value="-X${LIBREOFFICE_REGISTRY_FILE1_NAME}"/>
			
			<arg value="-X${LIBREOFFICE_REGISTRY_FILE2_NAME}"/>
			
			<arg value="${TARGET_FILES_BASE_DIRECTORY_NAME}/${TARGET_NAME}.${UNO_MERGED_REGISTRY_FILE_NAME_SUFFIX}"/>
			
			<arg value="-O${CLASSES_BASE_DIRECTORY_NAME}"/>
		</exec>
	</target>
	
	<target name="precompile" depends="precompileSub1, precompileSub2">
	</target>
	
	<target name="checkStyle" depends="precompile" if="CHECKSTYLE">
		<apply executable="java" dir="${PROJECT_DIRECTORY_NAME}" failonerror="true" spawn="false">
			<fileset dir="${JAVA_FILES_BASE_DIRECTORY_NAME}"/>
			
			<mapper type="regexp" from="^(.*)(\.)(${JAVA_FILE_NAME_SUFFIX})$$" to="${CLASSES_BASE_DIRECTORY_NAME}/\1\2${CLASS_FILE_NAME_SUFFIX}"/>
			
			<arg value="-jar"/>
			
			<arg value="${CHECKSTYLE_JAR_FILE_NAME}"/>
			
			<arg value="-c"/>
			
			<arg value="${CHECKSTYLE_CONFIGURATION_FILE_NAME}"/>
			
			<srcfile/>
		</apply>
	</target>
	
	<target name="compile" depends="checkStyle">
		<mkdir dir="${CLASSES_BASE_DIRECTORY_NAME}"/>
		
		<available file="${JAVA_FILES_BASE_DIRECTORY_NAME}" property="JAVA_FILES_BASE_DIRECTORY_EXISTS"/>
		
		<antcall target="javaCompile">
		</antcall>		
	</target>
	
	<target name="javaCompile" if="JAVA_FILES_BASE_DIRECTORY_EXISTS">
		<javac debug="true" includeantruntime="false" deprecation="true" destdir="${CLASSES_BASE_DIRECTORY_NAME}" srcdir="${JAVA_FILES_BASE_DIRECTORY_NAME}">
			<classpath>
				<path refid="CLASSES_PATHS"/>
			</classpath>
			
			<compilerarg value="-Xdiags:verbose"/>
			
			<compilerarg value="-Xlint:unchecked"/>
			
			<compilerarg value="-implicit:class"/>
		</javac>
	</target>
	
	<target name="makeJar" depends="compile">
		<jar compress="true" jarfile="${TARGET_FILES_BASE_DIRECTORY_NAME}/${TARGET_NAME}.${JAR_FILE_NAME_SUFFIX}" manifest="${MANIFEST_ADDITION_FILE_NAME}" filesetmanifest="merge">
			<fileset dir="${CLASSES_BASE_DIRECTORY_NAME}" excludes="test"/>
			
			<fileset dir="${RESOURCE_FILES_BASE_DIRECTORY_NAME}" includes="META-INF/**/*"/>
			
			<archives>
				<zips>
					<path refid="INCLUDED_JAR_FILE_NAMES"/>
				</zips>
			</archives>
		</jar>
	</target>
	
	<target name="deployJar" if="JAR_DEPLOY_DIRECTORY_NAME" depends="makeJar">
		<copy todir="${JAR_DEPLOY_DIRECTORY_NAME}">
			<fileset dir="${TARGET_FILES_BASE_DIRECTORY_NAME}" includes="${TARGET_NAME}.${JAR_FILE_NAME_SUFFIX}">
				<different targetdir="${JAR_DEPLOY_DIRECTORY_NAME}"
        ignoreFileTimes="false"
        ignoreContents="true" />
			</fileset>
		</copy>
	</target>
	
	<target name="makeWar" depends="makeJar">
		<zip destfile="${TARGET_FILES_BASE_DIRECTORY_NAME}/${TARGET_NAME}.${WAR_FILE_NAME_SUFFIX}">
			<fileset dir="${RESOURCE_FILES_BASE_DIRECTORY_NAME}" includes="WEB-INF/**/*"/>
			
			<mappedresources>
				<zipfileset src="${TARGET_FILES_BASE_DIRECTORY_NAME}/${TARGET_NAME}.${JAR_FILE_NAME_SUFFIX}"/>
				<globmapper from="*" to="WEB-INF/classes/*"/>
			</mappedresources>
		</zip>
	</target>
	
	<target name="deployWar" if="WAR_DEPLOY_DIRECTORY_NAME" depends="makeWar">
		<copy todir="${WAR_DEPLOY_DIRECTORY_NAME}">
			<fileset dir="${TARGET_FILES_BASE_DIRECTORY_NAME}" includes="${TARGET_NAME}.${WAR_FILE_NAME_SUFFIX}">
				<different targetdir="${WAR_DEPLOY_DIRECTORY_NAME}"
        ignoreFileTimes="false"
        ignoreContents="true" />
			</fileset>
		</copy>
	</target>
	
	<target name="makeUnoExtension" depends="makeJar">
		<fileset id="UNO_EXTENSION_CONFIGURATION_FILE1" dir="${RESOURCE_FILES_BASE_DIRECTORY_NAME}" includes="${TARGET_NAME}.${UNO_EXTENSION_CONFIGURATION_FILE_NAME_SUFFIX1}"/>
		
		<fileset id="UNO_EXTENSION_CONFIGURATION_FILE2" dir="${RESOURCE_FILES_BASE_DIRECTORY_NAME}" includes="*.${UNO_EXTENSION_CONFIGURATION_FILE_NAME_SUFFIX2}"/>
		
		<fileset id="UNO_MERGED_REGISTRY_FILE" dir="${TARGET_FILES_BASE_DIRECTORY_NAME}" includes="${TARGET_NAME}.${UNO_MERGED_REGISTRY_FILE_NAME_SUFFIX}"/>
		
		<fileset id="JAR_FILE" dir="${TARGET_FILES_BASE_DIRECTORY_NAME}" includes="${TARGET_NAME}.${JAR_FILE_NAME_SUFFIX}"/>
		
		<fileset id="UNO_EXTENSION_MANIFEST_FILE" dir="${RESOURCE_FILES_BASE_DIRECTORY_NAME}" includes="manifest.xml"/>
		
		<uptodate property="UNO_EXTENSION_IS_UP_TO_DATE" targetfile="${TARGET_FILES_BASE_DIRECTORY_NAME}/${TARGET_NAME}.${UNO_EXTENSION_FILE_NAME_SUFFIX}">
			<srcfiles refid="UNO_EXTENSION_CONFIGURATION_FILE1"/>
			<srcfiles refid="UNO_EXTENSION_CONFIGURATION_FILE2"/>
			<srcfiles refid="UNO_MERGED_REGISTRY_FILE"/>
			<srcfiles refid="JAR_FILE"/>
			<srcfiles refid="UNO_EXTENSION_MANIFEST_FILE"/>
		</uptodate>
		
		<zip destfile="${TARGET_FILES_BASE_DIRECTORY_NAME}/${TARGET_NAME}.${UNO_EXTENSION_FILE_NAME_SUFFIX}">
			<fileset refid="UNO_EXTENSION_CONFIGURATION_FILE1"/>
			
			<fileset refid="UNO_EXTENSION_CONFIGURATION_FILE2"/>
			
			<fileset refid="UNO_MERGED_REGISTRY_FILE"/>
			
			<fileset refid="JAR_FILE"/>
			
			<mappedresources>
				<fileset refid="UNO_EXTENSION_MANIFEST_FILE"/>
				
				<globmapper from="*" to="META-INF/*"/>
			</mappedresources>
		</zip>
	</target>
	
	<target name="registerUnoExtensionSub1" depends="makeUnoExtension" if="IS_LINUX" unless="UNO_EXTENSION_IS_UP_TO_DATE">
		<exec executable="bash">
			<arg value="-c"/>
			<arg value="while [ -n &quot;$$(pidof soffice.bin)&quot; ]; do if [ -n &quot;$$(which wmctrl)&quot; ]; then wmctrl -l -p | sed -n -r &quot;s/^([^ ]+)([ ]+)([^ ]+[ ]+)($$(pidof soffice.bin)[ ]+)([^ ]+[ ]+)(.*)/\\1/p&quot; | while read p_windowIdentification; do wmctrl -i -c $${p_windowIdentification} > /dev/null 2>&amp;1; done; else echo &quot;Shutdown LibreOffice!&quot;; fi; sleep 5; done; ${LIBREOFFICE_EXTENSION_MANAGER_FILE_NAME} add -f -v ${TARGET_FILES_BASE_DIRECTORY_NAME}/${TARGET_NAME}.${UNO_EXTENSION_FILE_NAME_SUFFIX}; nohup ${LIBREOFFICE_MAIN_BODY_FILE_NAME} > /dev/null 2>&amp;1 &amp;"/>
		</exec>
	</target>
	
	<target name="registerUnoExtensionSub2" depends="makeUnoExtension" if="IS_WINDOWS" unless="UNO_EXTENSION_IS_UP_TO_DATE">
		<exec executable="cmd.exe">
			<arg value="/V:ON"/>
			<arg value="/C"/>
			<arg value="for /l %i in (0, 0, 0) do @(taskkill /IM soffice.bin > nul 2>&amp;1 &amp; set var=&amp; (for /f &quot;tokens=1 skip=3 USEBACKQ&quot; %f in (`tasklist /fi &quot;imagename eq soffice.bin&quot;`) do @(set var=%f)) &amp; (if !var! == soffice.bin (ping 127.0.0.1 -n 5 >> nul 2>&amp;1) else (${LIBREOFFICE_EXTENSION_MANAGER_FILE_NAME} add -f -v ${TARGET_FILES_BASE_DIRECTORY_NAME}/${TARGET_NAME}.${UNO_EXTENSION_FILE_NAME_SUFFIX}&amp; (if !errorlevel! == 0 (echo unopkg done.) else (echo unopkg error.))&amp; start /B ${LIBREOFFICE_MAIN_BODY_FILE_NAME}&amp; exit)))"/>
		</exec>
	</target>
	
	<target name="registerUnoExtension" depends="registerUnoExtensionSub1, registerUnoExtensionSub2">
	</target>
	
	<target name="clean">
		<delete includeemptydirs="true" failonerror="false">
			<fileset dir="${PROJECT_DIRECTORY_NAME}">
				<include name="${CALL_IDLC_FILE_BASE_NAME}.sh"/>
				<include name="${CALL_IDLC_FILE_BASE_NAME}.bat"/>
			</fileset>
			
			<fileset dir="${INTERMEDIATE_FILES_BASE_DIRECTORY_NAME}">
				<include name="**/*"/>
			</fileset>
			
			<fileset dir="${TARGET_FILES_BASE_DIRECTORY_NAME}">
				<include name="**/*"/>
			</fileset>
		</delete>
	</target>
	
	<target name="test" depends="makeJar">
		<java  classname="test.Test" failonerror="true" fork="true">
			<classpath>
				<path refid="CLASSES_PATHS" />
			</classpath>
			<arg line="${COMMAND_LINE_ARGUMENTS}"/>
		</java>
	</target>
	
	<target name="run" depends="makeJar">
		<java  classname="${MAIN_CLASS_NAME}" failonerror="true" fork="true">
			<classpath>
				<path refid="CLASSES_PATHS" />
			</classpath>
			<arg line="${COMMAND_LINE_ARGUMENTS}"/>
		</java>
	</target>
	
	<target name="debugSub1" depends="makeJar" if="IS_LINUX">
		<property name="CLASSES_PATHS" refid="CLASSES_PATHS"/>
		<exec executable="lxterminal">
			<arg value="-e"/>
			<arg value="bash -c &quot;export CLASSPATH=\&quot;${CLASSES_PATHS}\&quot;; java -classpath ${PROJECT_DIRECTORY_NAME}/../coreUtilities/target/thebiasplanet.coreutilities.jar thebiasplanet.coreutilities.input.AugmentedStandardInputForJdb ${PROJECT_DIRECTORY_NAME}/execution/jdbStartupCommands.txt | jdb test.Test ${COMMAND_LINE_ARGUMENTS}&quot;"/>
		</exec>
	</target>
	
	<target name="debugSub2" depends="makeJar" if="IS_WINDOWS">
		<property name="CLASSES_PATHS" refid="CLASSES_PATHS"/>
		<exec executable="start">
			<arg value="cmd.exe"/>
			<arg value="/C"/>
			<arg value="&quot;set CLASSPATH=\&quot;${CLASSES_PATHS}\&quot;;java -classpath ${PROJECT_DIRECTORY_NAME}/../coreUtilities/target/thebiasplanet.coreutilities.jar thebiasplanet.coreutilities.input.AugmentedStandardInputForJdb ${PROJECT_DIRECTORY_NAME}/execution/jdbStartupCommands.txt | jdb test.Test ${COMMAND_LINE_ARGUMENTS}&quot;"/>
		</exec>
	</target>
	
	<target name="debug" depends="debugSub1, debugSub2">
	</target>
</project>
