file://${HOME}/myData/development/filesConverter/execution/FilesConverterTest.odt	file://${HOME}/myData/development/filesConverter/execution/FilesConverterTestConvertedTo.odt	writer8			Title	PasswordA	PasswordB
file://${HOME}/myData/development/filesConverter/execution/FilesConverterTest.ods	file://${HOME}/myData/development/filesConverter/execution/FilesConverterTestConvertedTo.ods	calc8			Title	PasswordA	PasswordB
file://${HOME}/myData/development/filesConverter/execution/FilesConverterTest.odp	file://${HOME}/myData/development/filesConverter/execution/FilesConverterTestConvertedTo.odp	impress8			Title	PasswordA	PasswordB
file://${HOME}/myData/development/filesConverter/execution/FilesConverterTest.ods	file://${HOME}/myData/development/filesConverter/execution/FilesConverterTestConvertedTo.csv	Text - txt - csv (StarCalc)		UnoSpreadSheetsDocumentMoveSpecifiedSheetTo1stPositionTailor_1
file://${HOME}/myData/development/filesConverter/execution/FilesConverterTest.ods	file://${HOME}/myData/development/filesConverter/execution/FilesConverterTestConvertedTo.csv	Text - txt - csv (StarCalc)			true	0	9	34	76	true	true	false	true
