file://${HOME}/myData/development/filesConverter/execution/FilesConverterTest.odt	file://${HOME}/myData/development/filesConverter/execution/FilesConverterTestConvertedTo.odt	writer8			Title	PasswordA	PasswordB
file://${HOME}/myData/development/filesConverter/execution/FilesConverterTest.odt	file://${HOME}/myData/development/filesConverter/execution/FilesConverterTestConvertedTo.docx	MS Word 2007 XML		UnoTextDocumentSetPageSizesTailor_a4Landscape	Title	PasswordA	PasswordB
file://${HOME}/myData/development/filesConverter/execution/FilesConverterTest.odt	file://${HOME}/myData/development/filesConverter/execution/FilesConverterTestConvertedTo.doc	MS Word 97			Title	PasswordA	PasswordB
file://${HOME}/myData/development/filesConverter/execution/FilesConverterTest.ods	file://${HOME}/myData/development/filesConverter/execution/FilesConverterTestConvertedTo.ods	calc8			Title	PasswordA	PasswordB
file://${HOME}/myData/development/filesConverter/execution/FilesConverterTest.ods	file://${HOME}/myData/development/filesConverter/execution/FilesConverterTestConvertedTo.xlsx	Calc MS Excel 2007 XML		UnoSpreadSheetsDocumentSetPageStylesTailor_a4Portrait	Title	PasswordA	PasswordB
file://${HOME}/myData/development/filesConverter/execution/FilesConverterTest.ods	file://${HOME}/myData/development/filesConverter/execution/FilesConverterTestConvertedTo.xls	MS Excel 97			Title	PasswordA	PasswordB
file://${HOME}/myData/development/filesConverter/execution/FilesConverterTest.odp	file://${HOME}/myData/development/filesConverter/execution/FilesConverterTestConvertedTo.odp	impress8			Title	PasswordA	PasswordB
file://${HOME}/myData/development/filesConverter/execution/FilesConverterTestWithPassword.ods	file://${HOME}/myData/development/filesConverter/execution/FilesConverterTestConvertedToFromWithPassword.ods	calc8	TestPassword		Title	PasswordA	PasswordB
file://${HOME}/myData/development/filesConverter/execution/FilesConverterTest.ods	file://${HOME}/myData/development/filesConverter/execution/FilesConverterTestConvertedTo.csv	Text - txt - csv (StarCalc)		UnoSpreadSheetsDocumentMoveSpecifiedSheetTo1stPositionTailor_1
file://${HOME}/myData/development/filesConverter/execution/FilesConverterTest.ods	file://${HOME}/myData/development/filesConverter/execution/FilesConverterTestConvertedTo.csv	Text - txt - csv (StarCalc)			true	0	9	34	76	true	true	false	true
